{
  "Test Isolated Route - brightness" : {
    "transaction" : "Test Isolated Route - brightness",
    "sampleCount" : 67,
    "errorCount" : 0,
    "errorPct" : 0.0,
    "meanResTime" : 10.014925373134327,
    "minResTime" : 7.0,
    "maxResTime" : 16.0,
    "pct1ResTime" : 13.200000000000003,
    "pct2ResTime" : 15.0,
    "pct3ResTime" : 16.0,
    "throughput" : 0.9785593269848688,
    "receivedKBytesPerSec" : 32.215095007886895,
    "sentKBytesPerSec" : 23.66235698154612
  },
  "Test Isolated Route - arrow_face" : {
    "transaction" : "Test Isolated Route - arrow_face",
    "sampleCount" : 67,
    "errorCount" : 0,
    "errorPct" : 0.0,
    "meanResTime" : 28.597014925373138,
    "minResTime" : 26.0,
    "maxResTime" : 35.0,
    "pct1ResTime" : 32.0,
    "pct2ResTime" : 33.0,
    "pct3ResTime" : 35.0,
    "throughput" : 0.9781593085727635,
    "receivedKBytesPerSec" : 178.40531974494863,
    "sentKBytesPerSec" : 23.654010133803435
  },
  "Test Isolated Route - arrow" : {
    "transaction" : "Test Isolated Route - arrow",
    "sampleCount" : 67,
    "errorCount" : 0,
    "errorPct" : 0.0,
    "meanResTime" : 64.07462686567166,
    "minResTime" : 57.0,
    "maxResTime" : 95.0,
    "pct1ResTime" : 72.4,
    "pct2ResTime" : 79.79999999999998,
    "pct3ResTime" : 95.0,
    "throughput" : 0.9771606918881077,
    "receivedKBytesPerSec" : 178.4407399212073,
    "sentKBytesPerSec" : 23.62466284765773
  },
  "Test Isolated Route - grayscale" : {
    "transaction" : "Test Isolated Route - grayscale",
    "sampleCount" : 67,
    "errorCount" : 0,
    "errorPct" : 0.0,
    "meanResTime" : 11.940298507462686,
    "minResTime" : 8.0,
    "maxResTime" : 43.0,
    "pct1ResTime" : 13.200000000000003,
    "pct2ResTime" : 14.0,
    "pct3ResTime" : 43.0,
    "throughput" : 0.9787880558639631,
    "receivedKBytesPerSec" : 65.08558232411033,
    "sentKBytesPerSec" : 23.667916363838895
  },
  "Test Isolated Route - bulge" : {
    "transaction" : "Test Isolated Route - bulge",
    "sampleCount" : 67,
    "errorCount" : 0,
    "errorPct" : 0.0,
    "meanResTime" : 39.6865671641791,
    "minResTime" : 32.0,
    "maxResTime" : 55.0,
    "pct1ResTime" : 46.2,
    "pct2ResTime" : 47.599999999999994,
    "pct3ResTime" : 55.0,
    "throughput" : 0.9782164340360918,
    "receivedKBytesPerSec" : 181.5674241608509,
    "sentKBytesPerSec" : 23.650272910522396
  },
  "Test Isolated Route - circle_smile" : {
    "transaction" : "Test Isolated Route - circle_smile",
    "sampleCount" : 67,
    "errorCount" : 0,
    "errorPct" : 0.0,
    "meanResTime" : 31.40298507462686,
    "minResTime" : 28.0,
    "maxResTime" : 37.0,
    "pct1ResTime" : 34.0,
    "pct2ResTime" : 35.599999999999994,
    "pct3ResTime" : 37.0,
    "throughput" : 0.9784450026286582,
    "receivedKBytesPerSec" : 178.68265717641947,
    "sentKBytesPerSec" : 23.662059745385246
  },
  "Test Isolated Route - emoji_overlay" : {
    "transaction" : "Test Isolated Route - emoji_overlay",
    "sampleCount" : 67,
    "errorCount" : 0,
    "errorPct" : 0.0,
    "meanResTime" : 21.179104477611936,
    "minResTime" : 16.0,
    "maxResTime" : 35.0,
    "pct1ResTime" : 27.0,
    "pct2ResTime" : 27.0,
    "pct3ResTime" : 35.0,
    "throughput" : 0.9786164991820518,
    "receivedKBytesPerSec" : 170.91066164790985,
    "sentKBytesPerSec" : 23.66682045034617
  },
  "Test Isolated Route - noise" : {
    "transaction" : "Test Isolated Route - noise",
    "sampleCount" : 66,
    "errorCount" : 0,
    "errorPct" : 0.0,
    "meanResTime" : 37.757575757575765,
    "minResTime" : 26.0,
    "maxResTime" : 71.0,
    "pct1ResTime" : 57.0,
    "pct2ResTime" : 58.0,
    "pct3ResTime" : 71.0,
    "throughput" : 0.9796936230851443,
    "receivedKBytesPerSec" : 305.9934827412496,
    "sentKBytesPerSec" : 23.68368455256947
  },
  "Test Isolated Route - sharpen" : {
    "transaction" : "Test Isolated Route - sharpen",
    "sampleCount" : 66,
    "errorCount" : 0,
    "errorPct" : 0.0,
    "meanResTime" : 11.212121212121213,
    "minResTime" : 7.0,
    "maxResTime" : 18.0,
    "pct1ResTime" : 16.0,
    "pct2ResTime" : 16.0,
    "pct3ResTime" : 18.0,
    "throughput" : 0.9799991090917191,
    "receivedKBytesPerSec" : 114.65383457132464,
    "sentKBytesPerSec" : 23.696115709497086
  },
  "Test Isolated Route - laser_eyes" : {
    "transaction" : "Test Isolated Route - laser_eyes",
    "sampleCount" : 66,
    "errorCount" : 0,
    "errorPct" : 0.0,
    "meanResTime" : 90.93939393939392,
    "minResTime" : 65.0,
    "maxResTime" : 122.0,
    "pct1ResTime" : 109.0,
    "pct2ResTime" : 113.65,
    "pct3ResTime" : 122.0,
    "throughput" : 0.9786186649269001,
    "receivedKBytesPerSec" : 178.72941402427273,
    "sentKBytesPerSec" : 23.663649181889625
  },
  "Total" : {
    "transaction" : "Total",
    "sampleCount" : 1000,
    "errorCount" : 0,
    "errorPct" : 0.0,
    "meanResTime" : 69.056,
    "minResTime" : 6.0,
    "maxResTime" : 931.0,
    "pct1ResTime" : 96.0,
    "pct2ResTime" : 409.4999999999993,
    "pct3ResTime" : 784.7300000000002,
    "throughput" : 14.420234473012531,
    "receivedKBytesPerSec" : 2260.7298091932603,
    "sentKBytesPerSec" : 348.67984724916005
  },
  "Test Isolated Route - mustache" : {
    "transaction" : "Test Isolated Route - mustache",
    "sampleCount" : 66,
    "errorCount" : 0,
    "errorPct" : 0.0,
    "meanResTime" : 46.69696969696968,
    "minResTime" : 42.0,
    "maxResTime" : 71.0,
    "pct1ResTime" : 50.0,
    "pct2ResTime" : 56.949999999999996,
    "pct3ResTime" : 71.0,
    "throughput" : 0.9793737943315031,
    "receivedKBytesPerSec" : 179.0016021479448,
    "sentKBytesPerSec" : 23.681300081614484
  },
  "Test Isolated Route - circle" : {
    "transaction" : "Test Isolated Route - circle",
    "sampleCount" : 67,
    "errorCount" : 0,
    "errorPct" : 0.0,
    "meanResTime" : 64.38805970149255,
    "minResTime" : 59.0,
    "maxResTime" : 75.0,
    "pct1ResTime" : 67.2,
    "pct2ResTime" : 70.0,
    "pct3ResTime" : 75.0,
    "throughput" : 0.9779736968865405,
    "receivedKBytesPerSec" : 178.55616198692871,
    "sentKBytesPerSec" : 23.645359323227606
  },
  "Test Isolated Route - black_and_white" : {
    "transaction" : "Test Isolated Route - black_and_white",
    "sampleCount" : 67,
    "errorCount" : 0,
    "errorPct" : 0.0,
    "meanResTime" : 7.492537313432836,
    "minResTime" : 6.0,
    "maxResTime" : 10.0,
    "pct1ResTime" : 9.0,
    "pct2ResTime" : 10.0,
    "pct3ResTime" : 10.0,
    "throughput" : 0.9785593269848688,
    "receivedKBytesPerSec" : 3.0589535211704737,
    "sentKBytesPerSec" : 23.66687836836186
  },
  "Test Isolated Route - swirl" : {
    "transaction" : "Test Isolated Route - swirl",
    "sampleCount" : 66,
    "errorCount" : 0,
    "errorPct" : 0.0,
    "meanResTime" : 19.575757575757574,
    "minResTime" : 16.0,
    "maxResTime" : 29.0,
    "pct1ResTime" : 23.0,
    "pct2ResTime" : 25.949999999999996,
    "pct3ResTime" : 29.0,
    "throughput" : 0.9798681631925886,
    "receivedKBytesPerSec" : 181.0225529741226,
    "sentKBytesPerSec" : 23.68912186275165
  },
  "Test Isolated Route - inpaint" : {
    "transaction" : "Test Isolated Route - inpaint",
    "sampleCount" : 67,
    "errorCount" : 0,
    "errorPct" : 0.0,
    "meanResTime" : 548.8059701492535,
    "minResTime" : 261.0,
    "maxResTime" : 931.0,
    "pct1ResTime" : 809.4,
    "pct2ResTime" : 837.1999999999998,
    "pct3ResTime" : 931.0,
    "throughput" : 0.9706909291105863,
    "receivedKBytesPerSec" : 176.7324727808122,
    "sentKBytesPerSec" : 23.47064961588891
  }
}