{
  "Test Isolated Route - brightness" : {
    "transaction" : "Test Isolated Route - brightness",
    "sampleCount" : 67,
    "errorCount" : 0,
    "errorPct" : 0.0,
    "meanResTime" : 7.985074626865675,
    "minResTime" : 6.0,
    "maxResTime" : 15.0,
    "pct1ResTime" : 11.0,
    "pct2ResTime" : 12.599999999999994,
    "pct3ResTime" : 15.0,
    "throughput" : 1.6224331654397521,
    "receivedKBytesPerSec" : 50.183289922147424,
    "sentKBytesPerSec" : 39.23245725221571
  },
  "Test Isolated Route - arrow_face" : {
    "transaction" : "Test Isolated Route - arrow_face",
    "sampleCount" : 67,
    "errorCount" : 0,
    "errorPct" : 0.0,
    "meanResTime" : 26.238805970149254,
    "minResTime" : 23.0,
    "maxResTime" : 41.0,
    "pct1ResTime" : 29.0,
    "pct2ResTime" : 31.599999999999994,
    "pct3ResTime" : 41.0,
    "throughput" : 1.621530046709746,
    "receivedKBytesPerSec" : 295.57305847491466,
    "sentKBytesPerSec" : 39.2089879202062
  },
  "Test Isolated Route - arrow" : {
    "transaction" : "Test Isolated Route - arrow",
    "sampleCount" : 67,
    "errorCount" : 0,
    "errorPct" : 0.0,
    "meanResTime" : 60.02985074626866,
    "minResTime" : 53.0,
    "maxResTime" : 104.0,
    "pct1ResTime" : 66.0,
    "pct2ResTime" : 81.79999999999993,
    "pct3ResTime" : 104.0,
    "throughput" : 1.618474768703046,
    "receivedKBytesPerSec" : 295.54173045450153,
    "sentKBytesPerSec" : 39.127703245404255
  },
  "Test Isolated Route - grayscale" : {
    "transaction" : "Test Isolated Route - grayscale",
    "sampleCount" : 67,
    "errorCount" : 0,
    "errorPct" : 0.0,
    "meanResTime" : 9.940298507462686,
    "minResTime" : 7.0,
    "maxResTime" : 42.0,
    "pct1ResTime" : 12.0,
    "pct2ResTime" : 13.0,
    "pct3ResTime" : 42.0,
    "throughput" : 1.6220011136127048,
    "receivedKBytesPerSec" : 107.85673811339481,
    "sentKBytesPerSec" : 39.223333628380175
  },
  "Test Isolated Route - bulge" : {
    "transaction" : "Test Isolated Route - bulge",
    "sampleCount" : 67,
    "errorCount" : 0,
    "errorPct" : 0.0,
    "meanResTime" : 33.10447761194032,
    "minResTime" : 28.0,
    "maxResTime" : 60.0,
    "pct1ResTime" : 40.0,
    "pct2ResTime" : 41.599999999999994,
    "pct3ResTime" : 60.0,
    "throughput" : 1.6214123227336528,
    "receivedKBytesPerSec" : 300.6892940276971,
    "sentKBytesPerSec" : 39.19829517266831
  },
  "Test Isolated Route - circle_smile" : {
    "transaction" : "Test Isolated Route - circle_smile",
    "sampleCount" : 67,
    "errorCount" : 0,
    "errorPct" : 0.0,
    "meanResTime" : 29.328358208955216,
    "minResTime" : 25.0,
    "maxResTime" : 38.0,
    "pct1ResTime" : 33.0,
    "pct2ResTime" : 35.0,
    "pct3ResTime" : 38.0,
    "throughput" : 1.621530046709746,
    "receivedKBytesPerSec" : 296.0405057298095,
    "sentKBytesPerSec" : 39.21421119067499
  },
  "Test Isolated Route - emoji_overlay" : {
    "transaction" : "Test Isolated Route - emoji_overlay",
    "sampleCount" : 67,
    "errorCount" : 0,
    "errorPct" : 0.0,
    "meanResTime" : 20.253731343283587,
    "minResTime" : 14.0,
    "maxResTime" : 28.0,
    "pct1ResTime" : 25.0,
    "pct2ResTime" : 27.0,
    "pct3ResTime" : 28.0,
    "throughput" : 1.6218048024786986,
    "receivedKBytesPerSec" : 284.53561559746566,
    "sentKBytesPerSec" : 39.21981563316954
  },
  "Test Isolated Route - noise" : {
    "transaction" : "Test Isolated Route - noise",
    "sampleCount" : 66,
    "errorCount" : 0,
    "errorPct" : 0.0,
    "meanResTime" : 33.10606060606061,
    "minResTime" : 22.0,
    "maxResTime" : 59.0,
    "pct1ResTime" : 52.300000000000004,
    "pct2ResTime" : 54.65,
    "pct3ResTime" : 59.0,
    "throughput" : 1.620466989123229,
    "receivedKBytesPerSec" : 517.8635961170173,
    "sentKBytesPerSec" : 39.17526420824228
  },
  "Test Isolated Route - sharpen" : {
    "transaction" : "Test Isolated Route - sharpen",
    "sampleCount" : 66,
    "errorCount" : 0,
    "errorPct" : 0.0,
    "meanResTime" : 9.272727272727272,
    "minResTime" : 6.0,
    "maxResTime" : 23.0,
    "pct1ResTime" : 13.0,
    "pct2ResTime" : 14.649999999999999,
    "pct3ResTime" : 23.0,
    "throughput" : 1.6212232866617537,
    "receivedKBytesPerSec" : 159.72865907485874,
    "sentKBytesPerSec" : 39.20009672070744
  },
  "Test Isolated Route - laser_eyes" : {
    "transaction" : "Test Isolated Route - laser_eyes",
    "sampleCount" : 66,
    "errorCount" : 0,
    "errorPct" : 0.0,
    "meanResTime" : 85.46969696969698,
    "minResTime" : 59.0,
    "maxResTime" : 116.0,
    "pct1ResTime" : 106.30000000000001,
    "pct2ResTime" : 112.3,
    "pct3ResTime" : 116.0,
    "throughput" : 1.619592157247675,
    "receivedKBytesPerSec" : 295.79697334881354,
    "sentKBytesPerSec" : 39.16324522711099
  },
  "Total" : {
    "transaction" : "Total",
    "sampleCount" : 1000,
    "errorCount" : 0,
    "errorPct" : 0.0,
    "meanResTime" : 41.568999999999996,
    "minResTime" : 5.0,
    "maxResTime" : 311.0,
    "pct1ResTime" : 92.0,
    "pct2ResTime" : 151.0,
    "pct3ResTime" : 225.98000000000002,
    "throughput" : 23.902287448908858,
    "receivedKBytesPerSec" : 3726.9933947522527,
    "sentKBytesPerSec" : 577.9530622564954
  },
  "Test Isolated Route - mustache" : {
    "transaction" : "Test Isolated Route - mustache",
    "sampleCount" : 66,
    "errorCount" : 0,
    "errorPct" : 0.0,
    "meanResTime" : 43.56060606060608,
    "minResTime" : 39.0,
    "maxResTime" : 73.0,
    "pct1ResTime" : 48.0,
    "pct2ResTime" : 58.149999999999984,
    "pct3ResTime" : 73.0,
    "throughput" : 1.620705743682931,
    "receivedKBytesPerSec" : 296.2187945080176,
    "sentKBytesPerSec" : 39.18715122596567
  },
  "Test Isolated Route - circle" : {
    "transaction" : "Test Isolated Route - circle",
    "sampleCount" : 67,
    "errorCount" : 0,
    "errorPct" : 0.0,
    "meanResTime" : 60.731343283582085,
    "minResTime" : 54.0,
    "maxResTime" : 76.0,
    "pct1ResTime" : 68.0,
    "pct2ResTime" : 70.19999999999999,
    "pct3ResTime" : 76.0,
    "throughput" : 1.6203927638579858,
    "receivedKBytesPerSec" : 295.77302522189706,
    "sentKBytesPerSec" : 39.180189149112415
  },
  "Test Isolated Route - black_and_white" : {
    "transaction" : "Test Isolated Route - black_and_white",
    "sampleCount" : 67,
    "errorCount" : 0,
    "errorPct" : 0.0,
    "meanResTime" : 6.507462686567165,
    "minResTime" : 5.0,
    "maxResTime" : 13.0,
    "pct1ResTime" : 8.0,
    "pct2ResTime" : 9.0,
    "pct3ResTime" : 13.0,
    "throughput" : 1.6224724542922873,
    "receivedKBytesPerSec" : 5.071810865419542,
    "sentKBytesPerSec" : 39.2448768010655
  },
  "Test Isolated Route - swirl" : {
    "transaction" : "Test Isolated Route - swirl",
    "sampleCount" : 66,
    "errorCount" : 0,
    "errorPct" : 0.0,
    "meanResTime" : 15.545454545454541,
    "minResTime" : 13.0,
    "maxResTime" : 30.0,
    "pct1ResTime" : 18.300000000000004,
    "pct2ResTime" : 21.299999999999997,
    "pct3ResTime" : 30.0,
    "throughput" : 1.6208251473477406,
    "receivedKBytesPerSec" : 298.58091463040273,
    "sentKBytesPerSec" : 39.18672872666994
  },
  "Test Isolated Route - inpaint" : {
    "transaction" : "Test Isolated Route - inpaint",
    "sampleCount" : 67,
    "errorCount" : 0,
    "errorPct" : 0.0,
    "meanResTime" : 182.14925373134332,
    "minResTime" : 120.0,
    "maxResTime" : 311.0,
    "pct1ResTime" : 233.4,
    "pct2ResTime" : 253.39999999999998,
    "pct3ResTime" : 311.0,
    "throughput" : 1.6132139073485505,
    "receivedKBytesPerSec" : 294.48464154898636,
    "sentKBytesPerSec" : 39.00254058617452
  }
}